,Unnamed: 0,State,City,Killed,Injured,AvgKilled,AvgInjured,Population,Houses,TotalArea,LandArea,PopDensity,HouseDensity,HousingPrice,NumIncidents,GVRate,LogPop,LogHousingPrice,LogPopDensity
146,146,al,cusseta,3.0,3.0,0.75,0.75,123.0,55.0,2.620000000000001,2.620000000000001,47.0,21.0,135662.5306122449,4,0.007651841224294596,2.089905111439398,5.132459914016658,1.6720978579357175
485,485,al,uniongrove,1.0,2.0,0.5,1.0,77.0,39.0,0.5700000000000002,0.5599999999999996,138.3999999999999,70.09999999999995,128983.77551020408,2,0.00611153552330023,1.8864907251724818,5.110535085109077,2.141136090120739
620,620,ar,cottonplant,0.0,1.0,0.0,1.0,649.0,455.0,1.0300000000000007,1.0300000000000007,632.2999999999995,443.29999999999967,12535.408163265307,1,0.00036254871748391194,2.812244696800369,4.098138479512256,2.800923181813218
725,725,ar,hensley,1.0,0.0,0.3333333333333333,0.0,139.0,73.0,1.0200000000000011,1.0200000000000011,135.8999999999999,71.40000000000005,156011.48979591837,3,0.0050782903089293275,2.143014800254095,5.193156584067366,2.133219456732494
732,732,ar,hindsville,1.0,0.0,1.0,0.0,61.0,31.0,0.33,0.33,185.6000000000001,94.30000000000008,154903.42857142858,1,0.003857280617164899,1.7853298350107671,5.190061030368461,2.2685779718828436
786,786,ar,lonsdale,1.0,1.0,0.3333333333333333,0.3333333333333333,94.0,46.0,0.42999999999999977,0.42999999999999977,218.39999999999984,106.89999999999998,139834.6530612245,3,0.007509386733416771,1.9731278535996986,5.145614809237687,2.3392526340326993
908,908,ar,rudy,2.0,0.0,1.0,0.0,61.0,28.0,0.06000000000000005,0.06000000000000005,983.4000000000008,451.40000000000015,117992.97959183672,2,0.007714561234329798,1.7853298350107671,5.071856168194028,2.9927302039541432
1027,1027,az,concho,1.0,0.0,1.0,0.0,38.0,36.0,0.4499999999999996,0.4499999999999996,85.30000000000007,80.80000000000007,142086.9387755102,1,0.006191950464396284,1.5797835966168101,5.152554157600721,1.9309490311675235
1090,1090,az,paradisevalley,0.0,1.0,0.0,1.0,12820.0,5643.0,15.460000000000004,15.429999999999987,830.9000000000008,365.70000000000033,1741632.6122448982,1,1.8353675323483528e-05,4.107888025182799,6.240956548316798,2.9195487589688485
1143,1143,az,tonopah,7.0,3.0,0.875,0.375,60.0,30.0,1.3699999999999992,1.3699999999999992,43.90000000000003,22.0,183923.40816326533,8,0.03137254901960784,1.7781512503836436,5.264637005960144,1.6424645202421215
1145,1145,az,topock,1.0,2.0,0.3333333333333333,0.6666666666666666,10.0,31.0,0.25999999999999984,0.25999999999999984,38.5,119.19999999999986,126129.6530612245,3,0.07058823529411765,1.0,5.100817201140218,1.5854607295085006
1172,1172,ca,alamo,0.0,0.0,0.0,0.0,14570.0,5378.0,9.670000000000003,9.670000000000003,1507.1999999999987,556.2999999999996,1787953.530612245,1,1.614921878154144e-05,4.16345955176999,6.252356227177495,3.1781708854488016
1175,1175,ca,alderpoint,3.0,3.0,0.5,0.5,186.0,93.0,2.4300000000000037,2.4300000000000037,76.59999999999994,38.29999999999997,305065.3,6,0.007590132827324478,2.2695129442179165,5.484392811131205,1.8842287696326037
1231,1231,ca,belmont,1.0,3.0,0.25,0.75,25835.0,11028.0,4.629999999999997,4.620000000000003,5590.2000000000035,2386.300000000002,1651337.979591837,4,3.6430287230045875e-05,4.4122084658816805,6.217835969477021,3.747427345872576
1239,1239,ca,beverlyhills,2.0,2.0,0.4,0.4,34109.0,16394.0,5.71,5.71,5975.5,2872.0,2220103.0,5,3.449150043200604e-05,4.532868987045975,6.3463731236821515,3.7763742507341167
1290,1290,ca,campbell,0.0,4.0,0.0,0.5,39349.0,16950.0,5.889999999999992,5.800000000000003,6786.5,2923.3999999999983,1221625.58,8,4.783737683744112e-05,4.5949336998462815,6.086938117971528,3.8316458534289812
1295,1295,ca,canyondam,1.0,0.0,1.0,0.0,31.0,27.0,0.7800000000000006,0.7800000000000006,40.0,34.799999999999976,207966.6530612245,1,0.007590132827324478,1.4913616938342726,5.317993702498606,1.6020599913279623
1354,1354,ca,cortemadera,0.0,3.0,0.0,1.0,9253.0,4026.0,4.4099999999999975,3.1599999999999984,2924.8999999999983,1272.599999999999,1371929.857142857,3,7.628686403773656e-05,3.9662825621674633,6.137331907701255,3.466111022489792
1372,1372,ca,cupertino,1.0,2.0,0.2,0.4,58302.0,21027.0,11.259999999999994,11.259999999999994,5179.5,1868.0,2026807.3265306125,5,2.0178906182211485e-05,4.765683453113483,6.306812465515054,3.7142878374051356
1377,1377,ca,danville,3.0,1.0,0.5,0.16666666666666666,42039.0,15934.0,18.029999999999983,18.029999999999983,2331.899999999998,883.8000000000003,1706093.06,6,3.358226184929121e-05,4.623652376727107,6.232002716363874,3.367709922425149
1383,1383,ca,delmar,0.0,0.0,0.0,0.0,4161.0,2596.0,1.780000000000001,1.709999999999999,2437.899999999998,1521.0,1631039.244897959,1,5.654749282553684e-05,3.6191977157929474,6.212464410848723,3.38701588736157
1428,1428,ca,elsegundo,3.0,3.0,0.75,0.75,16654.0,7410.0,5.460000000000003,5.460000000000003,3048.7,1356.5,1228024.2653061224,4,5.6513538524572794e-05,4.221518560322279,6.089206948388564,3.4841146907626532
1488,1488,ca,gerber,5.0,1.0,0.29411764705882354,0.05882352941176471,1060.0,420.0,0.9200000000000012,0.9200000000000012,1148.5,455.0999999999997,154542.46296296295,17,0.0037735849056603774,3.0253058652647704,5.18904782937077,3.060130999531045
1529,1529,ca,hermosabeach,2.0,1.0,1.0,0.5,19506.0,10162.0,1.4300000000000004,1.4300000000000004,13673.59999999999,7123.5,1284900.204081633,2,2.412530684374642e-05,4.29016821987977,6.108869398095545,4.1358828711371025
1596,1596,ca,lagunabeach,0.0,0.0,0.0,0.0,22723.0,12923.0,9.819999999999997,8.850000000000009,2567.600000000002,1460.3000000000009,1724302.84,2,2.0709775790789845e-05,4.3564656684754,6.236613543501812,3.409527367012241
1621,1621,ca,larkspur,0.0,1.0,0.0,0.5,11926.0,6376.0,3.24,3.0300000000000007,3940.0,2106.3999999999987,1569613.1428571432,2,3.945901687859447e-05,4.0764948050097205,6.195792626533349,3.595496221825574
1662,1662,ca,losaltos,0.0,1.0,0.0,0.5,28976.0,11204.0,6.490000000000005,6.490000000000005,4467.0,1727.1999999999987,2857626.2653061226,2,1.6240621041348624e-05,4.462038432969983,6.456005428958555,3.6500159524718385
1666,1666,ca,losgatos,1.0,2.0,0.2,0.4,29413.0,13050.0,11.160000000000007,11.079999999999995,2654.6000000000026,1177.800000000001,1773736.5102040817,5,3.999832007055704e-05,4.468539322942948,6.248889105538845,3.4239990900577286
1682,1682,ca,malibu,1.0,1.0,0.25,0.25,12645.0,6864.0,19.830000000000013,19.77999999999998,639.0999999999995,346.89999999999986,1974355.0,4,7.44307212802084e-05,4.101918833680424,6.295425243915951,2.8055688175485556
1690,1690,ca,marinadelrey,3.0,0.0,1.0,0.0,8866.0,6742.0,1.4500000000000008,0.8599999999999995,10313.900000000009,7843.099999999997,1756200.3673469387,3,7.961677790899802e-05,3.9477277269633158,6.244574063659442,4.013422916322322
1709,1709,ca,menlopark,1.0,1.0,0.125,0.125,32026.0,13085.0,17.409999999999993,9.790000000000006,3271.399999999997,1336.5999999999992,2126058.823529412,8,5.877577409531227e-05,4.505502699312945,6.327575276358875,3.51473364934416
1716,1716,ca,millbrae,0.0,2.0,0.0,1.0,21532.0,8372.0,3.26,3.25,6632.0999999999985,2578.699999999998,1594482.979591837,2,2.1855296084623707e-05,4.33308437114365,6.202619887700147,3.821651065962116
1717,1717,ca,millvalley,3.0,0.0,1.0,0.0,13903.0,6534.0,4.849999999999996,4.759999999999997,2919.0,1371.800000000001,1538280.3265306125,3,5.077194511552733e-05,4.143108522762512,6.187035485772141,3.4652340949880145
1742,1742,ca,moraga,0.0,0.0,0.0,0.0,16016.0,5754.0,9.44,9.430000000000003,1697.8000000000013,610.0,1419656.693877551,1,1.4691191161779398e-05,4.204554060135243,6.152183334537584,3.229886529245892
1748,1748,ca,mosslanding,0.0,1.0,0.0,0.2,204.0,108.0,0.6000000000000005,0.3999999999999999,513.0,271.6000000000002,560256.306122449,5,0.0057670126874279125,2.3096301674258988,5.748386753558314,2.7101173651118162
1751,1751,ca,mountainview,10.0,0.0,0.4545454545454545,0.0,38219.0,17447.0,6.279999999999998,6.1450000000000005,7178.3999999999905,3159.399999999997,1665763.2653061226,22,0.00013544233465646128,4.582279319554067,6.221613280458145,3.8560276547429235
1765,1765,ca,newportbeach,2.0,1.0,0.4,0.2,85186.0,44193.0,52.98000000000001,23.799999999999976,3578.5,1856.5,1874356.66,5,1.3810609586496539e-05,4.930368225959869,6.272852233687256,3.553701021549961
1798,1798,ca,orinda,0.0,5.0,0.0,1.25,17643.0,6804.0,12.7,12.679999999999994,1391.0999999999995,536.5,1835381.2653061226,4,5.334560282198239e-05,4.2465724341217,6.263726294320651,3.1433583506154665
1809,1809,ca,paloalto,9.0,8.0,0.42857142857142855,0.3809523809523809,64403.0,28216.0,25.78999999999998,23.88000000000002,2696.5,1181.400000000001,2690818.2264150945,21,7.67227686689787e-05,4.808906097998011,6.429884360739876,3.430800424624181
1818,1818,ca,paynescreek,0.0,0.0,0.0,0.0,57.0,34.0,3.430000000000004,3.430000000000004,16.600000000000012,9.899999999999991,93339.42857142855,1,0.0041279669762641896,1.7558748556724915,4.970065137785102,1.2201080880400554
1828,1828,ca,piedmont,0.0,0.0,0.0,0.0,10667.0,3924.0,1.6800000000000013,1.6800000000000013,6358.5,2339.100000000002,1629486.8163265309,6,0.0001323488052763057,4.028042295090749,6.212050851073148,3.8033546756239023
1851,1851,ca,portolavalley,0.0,0.0,0.0,0.0,4353.0,1895.0,9.089999999999991,9.089999999999991,478.7999999999996,208.39999999999984,3534091.9795918367,1,5.405332360373509e-05,3.638788667157398,6.548277848427494,2.6801541417343726
1863,1863,ca,ranchopalosverdes,0.0,0.0,0.0,0.0,41643.0,16179.0,13.470000000000017,13.46,3092.7,1201.599999999999,1259692.1836734691,2,1.1300536351706592e-05,4.619542008939222,6.100264434590584,3.490337794344103
1864,1864,ca,ranchosantafe,0.0,1.0,0.0,0.5,3117.0,1391.0,6.790000000000003,6.720000000000005,464.20000000000056,207.10000000000016,2259450.836734694,2,0.00015097473060446506,3.49373680227684,6.354002895980509,2.6667051361198992
1872,1872,ca,redwoodcity,2.0,3.0,0.18181818181818185,0.2727272727272727,76815.0,29167.0,34.619999999999955,19.419999999999984,3955.5,1501.9,1479394.2884615385,11,3.3694399454763354e-05,4.8854460348900774,6.170083937676403,3.5972013888491157
1914,1914,ca,sancarlos,3.0,0.0,1.0,0.0,28406.0,12018.0,5.539999999999997,5.539999999999997,5129.299999999996,2170.1000000000017,1709538.081632653,3,2.4849762477686985e-05,4.453410082711584,6.232878779574681,3.710058100612717
1920,1920,ca,sanfrancisco,136.0,256.0,0.3349753694581281,0.6305418719211823,805235.0,376942.0,231.8899999999995,46.870000000000154,17179.20000000012,8041.799999999954,1270988.8325123154,406,0.00011863544401908248,5.9059226434850185,6.104141734661337,4.2350029357655945
1934,1934,ca,sanmarino,0.0,0.0,0.0,0.0,13147.0,4477.0,3.770000000000002,3.770000000000002,3489.7999999999993,1188.400000000001,1463663.918367347,3,5.369151539827919e-05,4.11882666293329,6.165441366917395,3.5428005383101056
1936,1936,ca,sanmateo,3.0,4.0,0.21428571428571427,0.2857142857142857,97207.0,40014.0,15.879999999999995,12.129999999999995,8014.0,3298.7999999999993,1307438.0784313723,14,3.388765878032265e-05,4.9876975401517,6.116421129407475,3.903849338096681
1939,1939,ca,sanramon,0.0,1.0,0.0,0.5,72148.0,26222.0,18.080000000000013,18.059999999999977,3994.7000000000025,1451.9000000000005,1203056.0,2,6.5225402685329825e-06,4.858224296607577,6.080285843403803,3.6014841695732285
1943,1943,ca,santaclara,10.0,7.0,0.3225806451612903,0.2258064516129032,116468.0,45147.0,18.410000000000004,18.410000000000004,6327.299999999993,2452.7000000000007,1201402.15625,31,6.262765435191489e-05,5.066206617787536,6.07968840707416,3.801218426407276
1948,1948,ca,santamonica,5.0,9.0,0.38461538461538464,0.6923076923076923,89736.0,50912.0,8.420000000000002,8.410000000000009,10664.099999999991,6050.299999999994,1289176.137254902,13,3.40869163926603e-05,4.952966706865825,6.1103122580919,4.027924208915608
1953,1953,ca,saratoga,4.0,0.0,1.0,0.0,29926.0,11123.0,12.379999999999995,12.379999999999995,2416.899999999998,898.3000000000003,2481389.28,4,3.145012599706728e-05,4.476048671600609,6.394694901674063,3.383258681708175
1954,1954,ca,sausalito,4.0,2.0,1.3333333333333333,0.6666666666666666,7061.0,4536.0,2.2600000000000016,1.77,3987.399999999997,2561.5,1295790.0612244895,3,9.99691761706807e-05,3.848866211494779,6.112534644561372,3.6006898045310005
2007,2007,ca,sunnyvale,7.0,3.0,0.7,0.3,140081.0,55791.0,22.690000000000023,21.99000000000001,6370.900000000002,2537.399999999998,1545482.16,10,1.679700442223134e-05,5.146379233396147,6.18906399622671,3.8042007882889117
2030,2030,ca,topanga,0.0,0.0,0.0,0.0,8289.0,3750.0,19.139999999999986,19.13,433.29999999999967,196.0,1193421.8163265309,1,2.838630928303279e-05,3.918502139636174,6.076793972693286,2.6367886890343746
2129,2129,co,aspen,0.0,0.0,0.0,0.0,6658.0,5929.0,3.8700000000000023,3.8700000000000023,1718.8000000000013,1530.6,1783101.5102040817,4,0.00014136023889880375,3.8233437908206485,6.251176067834131,3.235225345011866
2142,2142,co,blackhawk,2.0,1.0,0.6666666666666666,0.3333333333333333,118.0,69.0,1.9399999999999984,1.9399999999999984,60.699999999999974,35.5,257477.7142857143,3,0.005982053838484547,2.0718820073061255,5.410739645099205,1.7831886910752575
2176,2176,co,cotopaxi,0.0,1.0,0.0,1.0,47.0,46.0,0.3100000000000001,0.3100000000000001,150.10000000000014,146.89999999999986,242380.95918367343,1,0.0050062578222778474,1.6720978579357175,5.384498499791851,2.1763806922432707
2220,2220,co,florissant,0.0,0.0,0.0,0.0,104.0,47.0,0.5199999999999997,0.5199999999999997,201.7,91.09999999999998,260830.2653061225,2,0.004524886877828055,2.0170333392987803,5.41635798312135,2.3047058982127653
2295,2295,co,larkspur,1.0,0.0,0.25,0.0,183.0,90.0,1.5,1.5,122.39999999999992,60.199999999999974,629087.8979591837,4,0.005143040822886531,2.2624510897304293,5.798711330551243,2.087781417809542
2363,2363,co,peyton,2.0,0.0,0.3333333333333333,0.0,250.0,93.0,2.299999999999998,2.299999999999998,108.8000000000001,40.5,327354.62,6,0.005647058823529412,2.3979400086720375,5.515018474557993,2.0366288953621616
2436,2436,co,weston,2.0,0.0,2.0,0.0,55.0,47.0,3.099999999999997,3.099999999999997,17.700000000000017,15.200000000000006,190458.22448979595,1,0.0042780748663101605,1.7403626894942439,5.2797997313861105,1.247973266361807
2487,2487,ct,darien,0.0,0.0,0.0,0.0,20732.0,7074.0,23.48000000000001,12.660000000000007,1638.2000000000005,559.0,1355350.32,6,6.809592445892113e-05,4.316641200167494,6.132051562648789,3.2143669215966044
2509,2509,ct,greenwich,0.0,0.0,0.0,0.0,37056.5,16089.5,35.859999999999964,25.864999999999966,2216.0,1065.3499999999992,1359569.6,12,7.619525351192654e-05,4.568864397646988,6.1334014451873875,3.345569756056392
2546,2546,ct,newcanaan,1.0,0.0,0.3333333333333333,0.0,19738.0,7551.0,22.51999999999999,22.190000000000023,889.3000000000003,340.20000000000033,1277301.591836735,3,3.5762607809361456e-05,4.295303144637152,6.106293453415366,2.949048292315664
2671,2671,de,magnolia,2.0,4.0,0.16666666666666666,0.3333333333333333,225.0,96.0,0.12000000000000008,0.12000000000000008,1890.0,806.4000000000008,266379.02,12,0.012549019607843138,2.3521825181113627,5.4255000168307275,3.2764618041732443
2678,2678,de,newcastle,17.0,54.0,0.1574074074074074,0.5,5285.0,2497.0,3.519999999999996,3.3999999999999946,1554.8999999999967,734.6000000000006,186041.97413793104,108,0.0048082809282653455,3.723044991643445,5.2696109392713275,3.1917024635591926
2720,2720,fl,bascom,3.0,1.0,1.5,0.5,121.0,56.0,0.24000000000000016,0.24000000000000016,501.5,232.10000000000028,77628.59183673469,2,0.0038891589693728734,2.0827853703164503,4.890021708241448,2.700270937356437
2963,2963,fl,keybiscayne,0.0,0.0,0.0,0.0,12344.0,7072.0,1.3599999999999997,1.2299999999999986,10070.700000000008,5769.600000000001,1210994.8979591837,1,1.9061415881971712e-05,4.091455913055092,6.083142313421466,4.003059658793099
3002,3002,fl,lee,0.0,1.0,0.0,0.16666666666666666,352.0,160.0,2.4000000000000026,2.4000000000000026,146.60000000000014,66.69999999999995,116361.09615384616,6,0.004010695187165775,2.546542663478131,5.065807803768941,2.1661339703051095
3332,3332,ga,bethlehem,0.0,1.0,0.0,0.09090909090909093,601.0,247.0,2.3299999999999987,2.3299999999999987,258.3999999999998,106.1999999999999,177083.0980392157,11,0.004306547910345503,2.7788744720027396,5.248177111282678,2.4122925093230463
3398,3398,ga,colbert,2.0,1.0,0.16666666666666666,0.08333333333333333,592.0,268.0,1.0200000000000011,1.0200000000000011,581.0,263.0,155042.0576923077,12,0.004769475357710652,2.77232170672292,5.1904495236288035,2.7641761323903307
3424,3424,ga,danielsville,1.0,2.0,0.05263157894736842,0.10526315789473684,560.0,265.0,1.489999999999999,1.459999999999999,384.2000000000004,181.79999999999995,113578.49122807015,19,0.007983193277310924,2.7481880270062002,5.055296095236015,2.5845573605256753
3526,3526,ga,hephzibah,24.0,30.0,0.3157894736842105,0.3947368421052632,4011.0,1613.0,19.380000000000067,19.309999999999963,207.70000000000041,83.5,122314.35483870967,76,0.004458327833751301,3.6032526619816467,5.087477428920184,2.3174364965351
3540,3540,ga,hull,1.0,2.0,0.08333333333333333,0.16666666666666666,198.0,86.0,0.3200000000000001,0.3200000000000001,621.2000000000005,269.7999999999998,150181.24,12,0.014260249554367202,2.296665190261531,5.1766156858417425,2.793231447056521
3584,3584,ga,lithonia,40.0,30.0,0.5797101449275363,0.43478260869565216,1924.0,892.0,0.8900000000000003,0.8900000000000003,2156.8999999999965,1000.0,131245.9756097561,69,0.008438302555949614,3.284205067701794,5.118085995527354,3.3338300104456455
3703,3703,ga,register,0.0,0.0,0.0,0.0,175.0,73.0,0.7800000000000006,0.7700000000000002,226.20000000000007,94.3000000000001,77992.2,6,0.008067226890756302,2.2430380486862944,4.892051171070673,2.3544926005894364
3774,3774,ga,talkingrock,1.0,2.0,0.5,1.0,64.0,34.0,1.4899999999999998,1.4899999999999998,43.0,22.899999999999995,170391.77551020408,2,0.007352941176470588,1.806179973983887,5.2314486283606305,1.6334684555795864
3837,3837,ga,winterville,0.0,2.0,0.0,0.1,1122.0,529.0,2.650000000000002,2.6200000000000028,428.3000000000004,201.90000000000006,154662.01960784313,20,0.004194191045402119,3.0499928569201424,5.189383676983987,2.6317480743965698
4142,4142,ia,durango,0.0,0.0,0.0,0.0,22.0,10.0,0.04000000000000002,0.04000000000000002,573.2000000000004,260.5,128533.55102040815,1,0.010695187165775402,1.3424226808222062,5.1090165060418515,2.758306181725307
4505,4505,ia,nodaway,1.0,1.0,0.5,0.5,114.0,62.0,0.5399999999999995,0.5399999999999995,213.0,115.80000000000014,111452.14285714287,2,0.0041279669762641896,2.0569048513364727,5.047088422947132,2.3283796034387376
4948,4948,id,murtaugh,0.0,0.0,0.0,0.0,115.0,49.0,0.12000000000000008,0.12000000000000008,994.3000000000008,423.7000000000004,227515.98,2,0.004092071611253197,2.060697840353612,5.357011905529801,2.9975174394147253
5405,5405,il,fults,1.0,0.0,1.0,0.0,26.0,11.0,0.06999999999999995,0.06999999999999995,394.4,166.89999999999984,60436.775510204076,1,0.00904977375565611,1.414973347970818,4.7813012853247985,2.5959369062691735
6167,6167,il,winnetka,0.0,0.0,0.0,0.0,12187.0,4425.0,3.889999999999996,3.810000000000002,3198.5,1161.4000000000008,1245801.9591836734,1,1.9306976093136854e-05,4.085896811131588,6.095449009522541,3.5049463550535815
6455,6455,in,laconia,2.0,0.0,2.0,0.0,50.0,25.0,0.04999999999999999,0.04999999999999999,1007.4000000000008,503.70000000000056,137132.51020408163,1,0.004705882352941177,1.6989700043360187,5.137140425821604,3.003201946521693
7270,7270,ky,booneville,2.0,2.0,0.6666666666666666,0.6666666666666666,81.0,47.0,0.6099999999999997,0.5799999999999992,139.1000000000001,80.69999999999993,66612.57142857142,3,0.008714596949891067,1.9084850188786497,4.823556198942611,2.1433271299920467
7291,7291,ky,california,2.0,0.0,1.0,0.0,90.0,46.0,0.25999999999999984,0.25999999999999984,350.89999999999986,179.30000000000004,119618.57142857145,2,0.005228758169934641,1.954242509439325,5.077798611448491,2.545183368215406
7638,7638,la,angie,1.0,1.0,0.16666666666666666,0.16666666666666666,251.0,123.0,1.5400000000000005,1.530000000000001,163.89999999999986,80.30000000000007,85331.46,6,0.005624560581204593,2.399673721481038,4.931109176366486,2.2145789535704985
7863,7863,la,oilcity,2.0,1.0,0.0392156862745098,0.0196078431372549,1008.0,477.0,1.8499999999999968,1.780000000000001,565.5,267.59999999999974,85039.15909090909,51,0.011904761904761904,3.0034605321095067,4.929618957018726,2.752432609261474
8261,8261,ma,wellesley,0.0,0.0,0.0,0.0,27982.0,9189.0,10.519999999999989,10.019999999999989,2793.399999999997,917.3000000000017,1315980.3265306123,2,1.6817533960907643e-05,4.446878752254525,6.119249396768012,3.4461331288103625
8274,8274,ma,weston,0.0,1.0,0.0,1.0,11261.0,4008.0,17.33000000000001,16.820000000000018,669.2999999999995,238.2000000000001,1468996.755102041,1,2.0894602401834545e-05,4.051576958472539,6.167020836469062,2.8256208250035
8463,8463,md,littleorleans,1.0,2.0,1.0,2.0,42.0,37.0,0.7100000000000005,0.6999999999999998,59.699999999999974,52.59999999999996,125665.69387755102,1,0.0056022408963585435,1.6232492903979006,5.099216733587614,1.775974331129369
8578,8578,md,uppermarlboro,20.0,9.0,0.5714285714285714,0.2571428571428571,631.0,310.0,0.42999999999999977,0.3999999999999996,1563.5,768.0999999999991,229185.79032258067,35,0.013051179267269506,2.8000293592441343,5.360187687571977,3.194097885578952
9195,9195,mi,flint,158.0,361.0,0.25119236883942764,0.5739268680445151,102434.0,51321.0,34.0499999999996,33.41999999999967,3065.3999999999664,1535.8000000000168,20155.46899841017,629,0.0014448327703692134,5.0104441320454605,4.304392908222227,3.4864871530659025
9953,9953,mn,hillman,0.0,0.0,0.0,0.0,38.0,18.0,0.5500000000000004,0.5500000000000004,69.30000000000005,32.799999999999976,206169.77551020405,1,0.006191950464396284,1.5797835966168101,5.3142249980413405,1.840733234611807
10131,10131,mn,myrtle,0.0,0.0,0.0,0.0,48.0,36.0,0.11000000000000004,0.11000000000000004,453.20000000000033,339.89999999999975,40241.061224489786,1,0.004901960784313725,1.6812412373755872,4.604669425275077,2.65628990119136
10755,10755,mo,harwood,0.0,0.0,0.0,0.0,47.0,34.0,0.11000000000000004,0.11000000000000004,447.20000000000033,323.5,56197.551020408166,1,0.0050062578222778474,1.6720978579357175,4.74971739027552,2.6505017948783673
11141,11141,mo,stoutsville,1.0,0.0,1.0,0.0,36.0,34.0,0.8200000000000002,0.81,44.29999999999998,41.79999999999997,85740.63265306123,1,0.0065359477124183,1.5563025007672873,4.933186683708318,1.6464037262230693
11396,11396,ms,mccool,2.0,5.0,0.6666666666666666,1.6666666666666667,135.0,88.0,0.9399999999999996,0.9399999999999996,143.8000000000001,93.69999999999992,84677.28571428571,3,0.005228758169934641,2.130333768495006,4.927766928490021,2.157758886046864
11435,11435,ms,pope,3.0,4.0,0.6,0.8,215.0,92.0,1.0600000000000005,1.0600000000000005,203.10000000000016,86.90000000000003,93099.32653061225,5,0.005471956224350205,2.3324384599156054,4.968946539358392,2.3077099234048073
11467,11467,ms,sidon,0.0,0.0,0.0,0.0,509.0,169.0,0.12000000000000008,0.12000000000000008,4102.7000000000035,1362.199999999999,20957.0,1,0.0004622674217034554,2.7067177823367587,4.32132911339302,3.613069761395876
11754,11754,nc,bolivia,2.0,6.0,0.2222222222222222,0.6666666666666666,143.0,77.0,0.6400000000000003,0.6400000000000003,224.7000000000001,121.0,149687.61538461538,9,0.014808720691073633,2.155336037465062,5.175185869864644,2.3516030724191292
11777,11777,nc,cameron,2.0,8.0,0.25,1.0,285.0,148.0,1.2199999999999993,1.2199999999999993,232.79999999999993,120.89999999999992,176287.0,8,0.006604747162022704,2.45484486000851,5.2462202871352215,2.3669829759778507
12018,12018,nc,linden,3.0,2.0,1.0,0.6666666666666666,130.0,65.0,0.5100000000000005,0.5100000000000005,257.20000000000016,128.60000000000008,181095.81632653065,3,0.005429864253393666,2.113943352306837,5.257908417363814,2.410270964252185
12026,12026,nc,lumberbridge,7.0,0.0,1.0,0.0,94.0,51.0,0.6799999999999998,0.6700000000000009,140.30000000000013,76.09999999999994,100581.23076923077,7,0.017521902377972465,1.9731278535996986,5.0025169455920775,2.14705767102836
12111,12111,nc,orrum,2.0,5.0,0.6666666666666666,1.6666666666666667,91.0,50.0,0.4800000000000004,0.4800000000000004,190.3,104.60000000000002,37919.48,3,0.007756948933419522,1.9590413923210936,4.578862373110147,2.2794387882870204
12195,12195,nc,seagrove,1.0,1.0,0.25,0.25,228.0,125.0,1.0399999999999994,1.0399999999999994,220.10000000000016,120.69999999999986,104185.59183673467,4,0.0041279669762641896,2.357934847000454,5.017807663124181,2.342620042553348
13131,13131,nj,allenhurst,0.0,0.0,0.0,0.0,496.0,365.0,0.2799999999999998,0.25999999999999984,1887.8999999999992,1389.3000000000009,1664191.8775510204,1,0.0004743833017077799,2.6954816764901977,6.221203398010875,3.275978986467148
13135,13135,nj,alpine,0.0,0.0,0.0,0.0,1849.0,670.0,9.230000000000006,6.410000000000003,288.3999999999998,104.5,2505927.6938775512,1,0.00012725479591512107,3.266936911159173,6.3989685356912425,2.459995256047391
13217,13217,nj,deal,0.0,0.0,0.0,0.0,750.0,926.0,1.32,1.2400000000000004,604.7999999999995,746.7,2181613.4081632653,1,0.00031372549019607844,2.8750612633917,6.338777794109144,2.7816117824931497
13248,13248,nj,englewoodcliffs,0.0,0.0,0.0,0.0,5281.0,1924.0,3.3300000000000014,2.090000000000002,2528.100000000002,921.0,1195810.6326530613,1,4.455484144045802e-05,3.7227161674884948,6.077662410668028,3.4027942486409035
13517,13517,nj,rumson,1.0,0.0,1.0,0.0,7122.0,2585.0,7.120000000000004,5.060000000000001,1408.0,511.0,1208998.918367347,1,3.3037646398070604e-05,3.852601969338235,6.082425912318751,3.1486026548060932
14017,14017,ny,easthampton,0.0,0.0,0.0,0.0,11270.0,11437.0,195.7249999999998,39.54500000000002,258.0,334.2000000000004,1507603.4285714286,2,4.1755832767889765e-05,4.051923916046107,6.1782871164453566,2.41161970596323
14176,14176,ny,lawrence,0.0,0.0,0.0,0.0,4154.5,1508.5,26.150000000000052,25.664999999999992,890.8999999999992,314.29999999999967,1215550.3265306123,2,0.00011327193050767064,3.6185187633048668,6.084772944324626,2.949828958935313
14250,14250,ny,montauk,0.0,1.0,0.0,1.0,3326.0,4666.0,19.73000000000001,17.48000000000001,190.3,266.8999999999998,1451683.020408163,1,7.074387181210428e-05,3.5219222448835006,6.161871797138154,2.2794387882870204
14395,14395,ny,rye,0.0,0.0,0.0,0.0,30824.0,11256.5,13.68499999999999,6.3850000000000025,4663.100000000004,1705.75,1745548.8775510204,4,3.053388497885528e-05,4.4888889960049445,6.241932014108948,3.6686747289828037
14403,14403,ny,sandspoint,0.0,0.0,0.0,0.0,2675.0,934.0,5.610000000000007,4.229999999999999,632.2999999999995,220.79999999999995,2300105.12244898,1,8.79604178119846e-05,3.427323786357247,6.361747685172475,2.800923181813218
14444,14444,ny,southampton,0.0,16.0,0.0,0.6666666666666666,29949.5,22536.5,150.46,72.80499999999995,446.0499999999996,408.0,1676868.76,24,0.00018855269114774579,4.476389576339569,6.224499073913079,2.6493835437053996
15368,15368,oh,rome,1.0,0.0,1.0,0.0,94.0,64.0,0.25,0.2300000000000003,408.29999999999967,278.0,20803.877551020407,1,0.0025031289111389237,1.9731278535996986,4.318144288908185,2.6109793799229966
16003,16003,ok,picher,0.0,0.0,0.0,0.0,20.0,30.0,1.5699999999999992,1.5699999999999992,12.7,19.100000000000016,51020.571428571435,1,0.011764705882352941,1.3010299956639813,4.707745318383642,1.1038037209559568
17148,17148,pa,homewood,4.0,3.0,0.5714285714285714,0.42857142857142855,109.0,59.0,0.16999999999999996,0.16999999999999996,644.0,348.60000000000014,55356.96078431373,7,0.015110631408526714,2.037426497940624,4.743172238406175,2.808885867359812
17354,17354,pa,mahanoycity,0.0,1.0,0.0,0.3333333333333333,4162.0,2414.0,0.5100000000000005,0.5100000000000005,8165.599999999995,4736.100000000004,13907.673469387757,3,0.00016960171863074879,3.6193020758756083,4.143254485569763,3.911988101762883
17867,17867,pa,shenandoah,1.0,3.0,0.2,0.6,5071.0,3112.0,1.5799999999999992,1.5100000000000002,3356.5,2059.800000000001,15311.4,5,0.00023199972160033405,3.7050936105478733,4.185014902290487,3.5258866515209393
17893,17893,pa,smicksburg,2.0,1.0,0.6666666666666666,0.3333333333333333,46.0,28.0,0.15000000000000013,0.15000000000000013,315.10000000000025,191.8,53276.24,3,0.015345268542199489,1.662757831681574,4.726533566671372,2.498448403174
18350,18350,sc,cordova,0.0,1.0,0.0,0.2,169.0,61.0,0.44000000000000017,0.44000000000000017,387.70000000000033,139.8999999999999,79740.28571428571,5,0.006961364427427776,2.2278867046136734,4.901677787432663,2.5884958010072103
18366,18366,sc,elgin,14.0,10.0,0.4375,0.3125,1959.0,786.0,2.9699999999999998,2.960000000000005,886.8000000000003,353.9499999999996,174287.48076923078,32,0.0038434975828003483,3.2920344359947364,5.241266192456467,2.9478256844424506
18371,18371,sc,eutawville,6.0,4.0,0.35294117647058826,0.2352941176470588,315.0,143.0,0.9500000000000008,0.9500000000000008,330.79999999999967,150.19999999999987,123018.69811320756,17,0.012698412698412698,2.4983105537896004,5.089971126644469,2.5195655008805087
18408,18408,sc,hollyhill,5.0,7.0,0.2272727272727273,0.3181818181818182,1277.0,616.0,1.310000000000001,1.310000000000001,977.4000000000008,471.5,93975.25925925926,22,0.004053618314984568,3.1061908972634154,4.973013532520571,2.990072334692153
18447,18447,sc,loris,13.0,27.0,0.2826086956521739,0.5869565217391305,2396.0,1119.0,4.569999999999995,4.550000000000005,527.0,246.10000000000028,135767.36923076925,46,0.004517332809584601,3.3794868137172736,5.132795402743626,2.7218106152125467
18492,18492,sc,pawleysisland,0.0,1.0,0.0,0.5,103.0,528.0,0.9900000000000002,0.6999999999999998,146.89999999999986,752.9000000000008,327294.9183673469,2,0.004568817818389491,2.012837224705172,5.514939262435555,2.167021795790256
18495,18495,sc,pelzer,3.0,4.0,0.6,0.8,89.0,36.0,0.19000000000000014,0.1799999999999999,482.7999999999996,195.30000000000007,101157.35714285713,5,0.013218770654329148,1.9493900066449128,5.004997474356956,2.683767261425311
18521,18521,sc,santee,2.0,11.0,0.1176470588235294,0.6470588235294118,961.0,514.0,2.120000000000001,2.11,455.4000000000002,243.60000000000028,132184.6037735849,17,0.004162330905306971,2.9827233876685453,5.1211808735644135,2.658393026279124
18532,18532,sc,smoaks,0.0,4.0,0.0,1.3333333333333333,126.0,66.0,1.63,1.63,77.30000000000007,40.5,59430.34693877551,3,0.0056022408963585435,2.100370545117563,4.77400826556287,1.8881794939183254
18533,18533,sc,smyrna,0.0,0.0,0.0,0.0,45.0,29.0,0.7100000000000005,0.7100000000000005,63.69999999999996,41.09999999999996,137998.32653061225,3,0.01568627450980392,1.6532125137753437,5.139873819858284,1.8041394323353501
18540,18540,sc,starr,2.0,3.0,0.5,0.75,173.0,82.0,1.479999999999999,1.479999999999999,117.19999999999986,55.59999999999996,112439.85714285713,4,0.005440326419585174,2.2380461031287955,5.050920285155714,2.068927611682071
18568,18568,sc,waterloo,2.0,0.0,0.6666666666666666,0.0,166.0,90.0,1.3999999999999997,1.3999999999999997,118.69999999999986,64.40000000000005,74605.42857142858,3,0.004252303330970942,2.220108088040055,4.872770429521464,2.0744507189545907
18579,18579,sc,windsor,0.0,2.0,0.0,0.2857142857142857,121.0,47.0,0.6599999999999999,0.6599999999999999,183.89999999999984,71.40000000000006,131868.6923076923,7,0.013612056392805057,2.0827853703164503,5.120141699474157,2.264581729238077
19006,19006,tn,ooltewah,3.0,6.0,0.2,0.4,687.0,346.0,0.9200000000000012,0.9200000000000012,746.6999999999998,376.1,245568.27450980392,15,0.005137426149499101,2.8369567370595505,5.390172258660876,2.8731461513282555
20241,20241,tx,terlingua,1.0,0.0,1.0,0.0,58.0,56.0,11.019999999999996,11.019999999999996,5.300000000000004,5.099999999999996,127999.44897959185,1,0.004056795131845842,1.7634279935629373,5.107208100072573,0.7242758696007894
20326,20326,tx,westlake,0.0,0.0,0.0,0.0,992.0,321.0,6.879999999999996,6.699999999999995,148.10000000000014,47.90000000000004,1584805.4081632653,1,0.00023719165085388995,2.9965116721541785,6.199975944566997,2.170555058521209
20327,20327,tx,westlakehills,0.0,0.0,0.0,0.0,3063.0,1279.0,3.6200000000000014,3.6200000000000014,847.0999999999992,353.70000000000033,1257076.3469387756,1,7.681819054752164e-05,3.4861469968065726,6.099361654811911,2.927934681741179
20786,20786,va,hanover,1.0,5.0,0.14285714285714285,0.7142857142857143,252.0,117.0,1.189999999999999,1.189999999999999,212.20000000000007,98.5,252785.46,7,0.0065359477124183,2.401400540781544,5.402752090087524,2.326745379565322
20881,20881,va,palmyra,0.0,1.0,0.0,0.3333333333333333,104.0,55.0,1.4300000000000004,1.4200000000000008,73.5,38.900000000000034,214760.77551020405,3,0.006787330316742082,2.0170333392987803,5.331954963549694,1.866287339084195
20983,20983,va,woodbridge,13.0,45.0,0.14285714285714285,0.4945054945054945,4055.0,1806.0,2.1899999999999977,1.5999999999999968,2527.299999999995,1125.600000000002,326079.52884615393,91,0.005280336548922898,3.6079908585471747,5.513323534812645,3.4026567973656627
20987,20987,va,yorktown,2.0,1.0,0.3333333333333333,0.16666666666666666,195.0,126.0,0.6400000000000002,0.6299999999999998,308.79999999999967,199.5,299225.4705882353,6,0.007239819004524887,2.290034611362518,5.475998558661378,2.489677291663698
21447,21447,wa,mercerisland,0.0,0.0,0.0,0.0,22699.0,9930.0,13.110000000000007,6.319999999999997,3591.200000000001,1571.0,1501597.1020408163,1,1.0365836276798926e-05,4.3560067248562,6.176553421461388,3.5552395923935967
21808,21808,wi,danbury,0.0,1.0,0.0,0.3333333333333333,172.0,106.0,1.2599999999999991,1.2599999999999991,136.0,83.80000000000007,171274.64,3,0.004103967168262654,2.2355284469075487,5.233693063354301,2.1335389083702174
22459,22459,wv,bramwell,0.0,0.0,0.0,0.0,364.0,214.0,0.5799999999999992,0.5500000000000004,656.2999999999995,385.79999999999967,16264.551020408164,1,0.0006464124111182936,2.561101383649056,4.211242079173328,2.817102404256923
22465,22465,wv,brucetonmills,1.0,0.0,0.2,0.0,85.0,47.0,0.06000000000000005,0.06000000000000005,1532.8000000000015,847.5999999999992,107942.76,5,0.01384083044982699,1.9294189257142926,5.03319351839332,3.1854854917344695
22576,22576,wv,lashmeet,0.0,1.0,0.0,1.0,479.0,210.0,0.75,0.75,638.5,279.8999999999998,20423.591836734693,1,0.0004912194522903107,2.680335513414563,4.310132122554855,2.805160901599434
22607,22607,wv,montcalm,1.0,0.0,1.0,0.0,726.0,323.0,2.7399999999999984,2.7199999999999998,266.6000000000002,118.60000000000008,21240.020408163266,1,0.00032409658078107277,2.8609366207000937,4.32715492969514,2.4258601450778405
